<?xml version="1.0" encoding="UTF-8"?>
<mesh>
    <sharedgeometry vertexcount="276">
        <vertexbuffer texture_coords="0" positions="true" colours_diffuse="False" normals="true">
            <vertex>
                <position y="0.983117" x="1.079537" z="-2.290627"/>
                <normal y="-0.561498" x="-0.092806" z="0.822257"/>
            </vertex>
            <vertex>
                <position y="0.835249" x="1.177982" z="-2.380039"/>
                <normal y="-0.561498" x="-0.092806" z="0.822257"/>
            </vertex>
            <vertex>
                <position y="0.836665" x="1.276811" z="-2.368369"/>
                <normal y="-0.561498" x="-0.092806" z="0.822257"/>
            </vertex>
            <vertex>
                <position y="0.984521" x="1.178259" z="-2.278074"/>
                <normal y="-0.561498" x="-0.092806" z="0.822257"/>
            </vertex>
            <vertex>
                <position y="0.984521" x="1.178259" z="-2.278074"/>
                <normal y="-0.624136" x="-0.256549" z="0.737995"/>
            </vertex>
            <vertex>
                <position y="0.836665" x="1.276811" z="-2.368369"/>
                <normal y="-0.624136" x="-0.256549" z="0.737995"/>
            </vertex>
            <vertex>
                <position y="0.834179" x="1.371566" z="-2.338022"/>
                <normal y="-0.624136" x="-0.256549" z="0.737995"/>
            </vertex>
            <vertex>
                <position y="0.981976" x="1.272740" z="-2.246892"/>
                <normal y="-0.624136" x="-0.256549" z="0.737995"/>
            </vertex>
            <vertex>
                <position y="0.981976" x="1.272740" z="-2.246892"/>
                <normal y="-0.661331" x="-0.400628" z="0.634144"/>
            </vertex>
            <vertex>
                <position y="0.834179" x="1.371566" z="-2.338022"/>
                <normal y="-0.661331" x="-0.400628" z="0.634144"/>
            </vertex>
            <vertex>
                <position y="0.827889" x="1.458604" z="-2.290163"/>
                <normal y="-0.661331" x="-0.400628" z="0.634144"/>
            </vertex>
            <vertex>
                <position y="0.975579" x="1.359350" z="-2.198277"/>
                <normal y="-0.661331" x="-0.400628" z="0.634144"/>
            </vertex>
            <vertex>
                <position y="0.975579" x="1.359350" z="-2.198277"/>
                <normal y="-0.676556" x="-0.524654" z="0.516729"/>
            </vertex>
            <vertex>
                <position y="0.827889" x="1.458604" z="-2.290163"/>
                <normal y="-0.676556" x="-0.524654" z="0.516729"/>
            </vertex>
            <vertex>
                <position y="0.818035" x="1.534580" z="-2.226633"/>
                <normal y="-0.676556" x="-0.524654" z="0.516729"/>
            </vertex>
            <vertex>
                <position y="0.965575" x="1.434760" z="-2.134100"/>
                <normal y="-0.676556" x="-0.524654" z="0.516729"/>
            </vertex>
            <vertex>
                <position y="0.965575" x="1.434760" z="-2.134100"/>
                <normal y="-0.672530" x="-0.629457" z="0.389214"/>
            </vertex>
            <vertex>
                <position y="0.818035" x="1.534580" z="-2.226633"/>
                <normal y="-0.672530" x="-0.629457" z="0.389214"/>
            </vertex>
            <vertex>
                <position y="0.804996" x="1.596574" z="-2.149872"/>
                <normal y="-0.672530" x="-0.629457" z="0.389214"/>
            </vertex>
            <vertex>
                <position y="0.952350" x="1.496072" z="-2.056825"/>
                <normal y="-0.672530" x="-0.629457" z="0.389214"/>
            </vertex>
            <vertex>
                <position y="0.952350" x="1.496072" z="-2.056825"/>
                <normal y="-0.644569" x="-0.729555" z="0.228649"/>
            </vertex>
            <vertex>
                <position y="0.804996" x="1.596574" z="-2.149872"/>
                <normal y="-0.644569" x="-0.729555" z="0.228649"/>
            </vertex>
            <vertex>
                <position y="0.789211" x="1.637861" z="-2.064310"/>
                <normal y="-0.644569" x="-0.729555" z="0.228649"/>
            </vertex>
            <vertex>
                <position y="0.936351" x="1.536600" z="-1.970940"/>
                <normal y="-0.644569" x="-0.729555" z="0.228649"/>
            </vertex>
            <vertex>
                <position y="0.936351" x="1.536600" z="-1.970940"/>
                <normal y="-0.390590" x="-0.876629" z="-0.281001"/>
            </vertex>
            <vertex>
                <position y="0.789211" x="1.637861" z="-2.064310"/>
                <normal y="-0.390590" x="-0.876629" z="-0.281001"/>
            </vertex>
            <vertex>
                <position y="0.770685" x="1.615647" z="-1.987263"/>
                <normal y="-0.390590" x="-0.876629" z="-0.281001"/>
            </vertex>
            <vertex>
                <position y="0.917775" x="1.524787" z="-1.890258"/>
                <normal y="-0.390590" x="-0.876629" z="-0.281001"/>
            </vertex>
            <vertex>
                <position y="0.917775" x="1.524787" z="-1.890258"/>
                <normal y="-0.324351" x="-0.882917" z="-0.339490"/>
            </vertex>
            <vertex>
                <position y="0.770685" x="1.615647" z="-1.987263"/>
                <normal y="-0.324351" x="-0.882917" z="-0.339490"/>
            </vertex>
            <vertex>
                <position y="0.750997" x="1.590345" z="-1.901415"/>
                <normal y="-0.324351" x="-0.882917" z="-0.339490"/>
            </vertex>
            <vertex>
                <position y="0.897860" x="1.498726" z="-1.804690"/>
                <normal y="-0.324351" x="-0.882917" z="-0.339490"/>
            </vertex>
            <vertex>
                <position y="0.897860" x="1.498726" z="-1.804690"/>
                <normal y="-0.326284" x="-0.863514" z="-0.384554"/>
            </vertex>
            <vertex>
                <position y="0.750997" x="1.590345" z="-1.901415"/>
                <normal y="-0.326284" x="-0.863514" z="-0.384554"/>
            </vertex>
            <vertex>
                <position y="0.730921" x="1.564032" z="-1.809689"/>
                <normal y="-0.326284" x="-0.863514" z="-0.384554"/>
            </vertex>
            <vertex>
                <position y="0.877387" x="1.460522" z="-1.717138"/>
                <normal y="-0.326284" x="-0.863514" z="-0.384554"/>
            </vertex>
            <vertex>
                <position y="0.877387" x="1.460522" z="-1.717138"/>
                <normal y="-0.381594" x="-0.853298" z="-0.355344"/>
            </vertex>
            <vertex>
                <position y="0.730921" x="1.564032" z="-1.809689"/>
                <normal y="-0.381594" x="-0.853298" z="-0.355344"/>
            </vertex>
            <vertex>
                <position y="0.711182" x="1.534649" z="-1.716657"/>
                <normal y="-0.381594" x="-0.853298" z="-0.355344"/>
            </vertex>
            <vertex>
                <position y="0.857403" x="1.430317" z="-1.624421"/>
                <normal y="-0.381594" x="-0.853298" z="-0.355344"/>
            </vertex>
            <vertex>
                <position y="0.857403" x="1.430317" z="-1.624421"/>
                <normal y="-0.409343" x="-0.853797" z="-0.321665"/>
            </vertex>
            <vertex>
                <position y="0.711182" x="1.534649" z="-1.716657"/>
                <normal y="-0.409343" x="-0.853797" z="-0.321665"/>
            </vertex>
            <vertex>
                <position y="0.692626" x="1.509127" z="-1.623916"/>
                <normal y="-0.409343" x="-0.853797" z="-0.321665"/>
            </vertex>
            <vertex>
                <position y="0.838601" x="1.403975" z="-1.531959"/>
                <normal y="-0.409343" x="-0.853797" z="-0.321665"/>
            </vertex>
            <vertex>
                <position y="0.838601" x="1.403975" z="-1.531959"/>
                <normal y="-0.341810" x="-0.839626" z="-0.422130"/>
            </vertex>
            <vertex>
                <position y="0.692626" x="1.509127" z="-1.623916"/>
                <normal y="-0.341810" x="-0.839626" z="-0.422130"/>
            </vertex>
            <vertex>
                <position y="0.675756" x="1.474244" z="-1.539866"/>
                <normal y="-0.341810" x="-0.839626" z="-0.422130"/>
            </vertex>
            <vertex>
                <position y="0.821507" x="1.368351" z="-1.448267"/>
                <normal y="-0.341810" x="-0.839626" z="-0.422130"/>
            </vertex>
            <vertex>
                <position y="0.821507" x="1.368351" z="-1.448267"/>
                <normal y="-0.409453" x="-0.848963" z="-0.334081"/>
            </vertex>
            <vertex>
                <position y="0.675756" x="1.474244" z="-1.539866"/>
                <normal y="-0.409453" x="-0.848963" z="-0.334081"/>
            </vertex>
            <vertex>
                <position y="0.661503" x="1.450602" z="-1.461181"/>
                <normal y="-0.409453" x="-0.848963" z="-0.334081"/>
            </vertex>
            <vertex>
                <position y="0.807045" x="1.344013" z="-1.369833"/>
                <normal y="-0.409453" x="-0.848963" z="-0.334081"/>
            </vertex>
            <vertex>
                <position y="0.827063" x="0.594894" z="-1.617152"/>
                <normal y="0.354818" x="0.837289" z="0.415995"/>
            </vertex>
            <vertex>
                <position y="0.681043" x="0.699317" z="-1.701880"/>
                <normal y="0.354818" x="0.837289" z="0.415995"/>
            </vertex>
            <vertex>
                <position y="0.699665" x="0.728139" z="-1.776677"/>
                <normal y="0.354818" x="0.837289" z="0.415995"/>
            </vertex>
            <vertex>
                <position y="0.845884" x="0.624375" z="-1.691642"/>
                <normal y="0.354818" x="0.837289" z="0.415995"/>
            </vertex>
            <vertex>
                <position y="0.845884" x="0.624375" z="-1.691642"/>
                <normal y="0.389470" x="0.847801" z="0.359927"/>
            </vertex>
            <vertex>
                <position y="0.699665" x="0.728139" z="-1.776677"/>
                <normal y="0.389470" x="0.847801" z="0.359927"/>
            </vertex>
            <vertex>
                <position y="0.719373" x="0.754838" z="-1.862049"/>
                <normal y="0.389470" x="0.847801" z="0.359927"/>
            </vertex>
            <vertex>
                <position y="0.865818" x="0.651829" z="-1.776722"/>
                <normal y="0.389470" x="0.847801" z="0.359927"/>
            </vertex>
            <vertex>
                <position y="0.865818" x="0.651829" z="-1.776722"/>
                <normal y="0.380203" x="0.848926" z="0.367111"/>
            </vertex>
            <vertex>
                <position y="0.719373" x="0.754838" z="-1.862049"/>
                <normal y="0.380203" x="0.848926" z="0.367111"/>
            </vertex>
            <vertex>
                <position y="0.739498" x="0.784478" z="-1.952642"/>
                <normal y="0.380203" x="0.848926" z="0.367111"/>
            </vertex>
            <vertex>
                <position y="0.886183" x="0.682269" z="-1.866995"/>
                <normal y="0.380203" x="0.848926" z="0.367111"/>
            </vertex>
            <vertex>
                <position y="0.886183" x="0.682269" z="-1.866995"/>
                <normal y="0.399969" x="0.855030" z="0.330074"/>
            </vertex>
            <vertex>
                <position y="0.739498" x="0.784478" z="-1.952642"/>
                <normal y="0.399969" x="0.855030" z="0.330074"/>
            </vertex>
            <vertex>
                <position y="0.759195" x="0.811023" z="-2.046643"/>
                <normal y="0.399969" x="0.855030" z="0.330074"/>
            </vertex>
            <vertex>
                <position y="0.906128" x="0.709644" z="-1.960704"/>
                <normal y="0.399969" x="0.855030" z="0.330074"/>
            </vertex>
            <vertex>
                <position y="0.906128" x="0.709644" z="-1.960704"/>
                <normal y="0.386316" x="0.855850" z="0.343919"/>
            </vertex>
            <vertex>
                <position y="0.759195" x="0.811023" z="-2.046643"/>
                <normal y="0.386316" x="0.855850" z="0.343919"/>
            </vertex>
            <vertex>
                <position y="0.777787" x="0.839035" z="-2.138535"/>
                <normal y="0.386316" x="0.855850" z="0.343919"/>
            </vertex>
            <vertex>
                <position y="0.924965" x="0.738468" z="-2.052296"/>
                <normal y="0.386316" x="0.855850" z="0.343919"/>
            </vertex>
            <vertex>
                <position y="0.924965" x="0.738468" z="-2.052296"/>
                <normal y="0.365040" x="0.854784" z="0.368905"/>
            </vertex>
            <vertex>
                <position y="0.777787" x="0.839035" z="-2.138535"/>
                <normal y="0.365040" x="0.854784" z="0.368905"/>
            </vertex>
            <vertex>
                <position y="0.794577" x="0.868448" z="-2.224447"/>
                <normal y="0.365040" x="0.854784" z="0.368905"/>
            </vertex>
            <vertex>
                <position y="0.941983" x="0.768640" z="-2.137899"/>
                <normal y="0.365040" x="0.854784" z="0.368905"/>
            </vertex>
            <vertex>
                <position y="0.941983" x="0.768640" z="-2.137899"/>
                <normal y="0.364160" x="0.857271" z="0.363969"/>
            </vertex>
            <vertex>
                <position y="0.794577" x="0.868448" z="-2.224447"/>
                <normal y="0.364160" x="0.857271" z="0.363969"/>
            </vertex>
            <vertex>
                <position y="0.808872" x="0.894927" z="-2.302166"/>
                <normal y="0.364160" x="0.857271" z="0.363969"/>
            </vertex>
            <vertex>
                <position y="0.956484" x="0.795806" z="-2.215342"/>
                <normal y="0.364160" x="0.857271" z="0.363969"/>
            </vertex>
            <vertex>
                <position y="0.956484" x="0.795806" z="-2.215342"/>
                <normal y="-0.206048" x="0.455913" z="0.865845"/>
            </vertex>
            <vertex>
                <position y="0.808872" x="0.894927" z="-2.302166"/>
                <normal y="-0.206048" x="0.455913" z="0.865845"/>
            </vertex>
            <vertex>
                <position y="0.821080" x="0.983299" z="-2.346289"/>
                <normal y="-0.206048" x="0.455913" z="0.865845"/>
            </vertex>
            <vertex>
                <position y="0.968823" x="0.884564" z="-2.258646"/>
                <normal y="-0.206048" x="0.455913" z="0.865845"/>
            </vertex>
            <vertex>
                <position y="0.835249" x="1.177982" z="-2.380039"/>
                <normal y="-0.470378" x="0.087133" z="0.878153"/>
            </vertex>
            <vertex>
                <position y="0.983117" x="1.079537" z="-2.290627"/>
                <normal y="-0.470378" x="0.087133" z="0.878153"/>
            </vertex>
            <vertex>
                <position y="0.977816" x="0.980369" z="-2.284066"/>
                <normal y="-0.470378" x="0.087133" z="0.878153"/>
            </vertex>
            <vertex>
                <position y="0.829987" x="1.078875" z="-2.372584"/>
                <normal y="-0.470378" x="0.087133" z="0.878153"/>
            </vertex>
            <vertex>
                <position y="0.968823" x="0.884564" z="-2.258646"/>
                <normal y="-0.350340" x="0.274731" z="0.895424"/>
            </vertex>
            <vertex>
                <position y="0.821080" x="0.983299" z="-2.346289"/>
                <normal y="-0.350340" x="0.274731" z="0.895424"/>
            </vertex>
            <vertex>
                <position y="0.829987" x="1.078875" z="-2.372584"/>
                <normal y="-0.350340" x="0.274731" z="0.895424"/>
            </vertex>
            <vertex>
                <position y="0.977816" x="0.980369" z="-2.284066"/>
                <normal y="-0.350340" x="0.274731" z="0.895424"/>
            </vertex>
            <vertex>
                <position y="0.990513" x="2.908046" z="-1.728726"/>
                <normal y="-0.561498" x="-0.092806" z="0.822257"/>
            </vertex>
            <vertex>
                <position y="0.842645" x="3.006491" z="-1.818139"/>
                <normal y="-0.561498" x="-0.092806" z="0.822257"/>
            </vertex>
            <vertex>
                <position y="0.844061" x="3.105321" z="-1.806468"/>
                <normal y="-0.561498" x="-0.092806" z="0.822257"/>
            </vertex>
            <vertex>
                <position y="0.991917" x="3.006768" z="-1.716174"/>
                <normal y="-0.561498" x="-0.092806" z="0.822257"/>
            </vertex>
            <vertex>
                <position y="0.991917" x="3.006768" z="-1.716174"/>
                <normal y="-0.624135" x="-0.256548" z="0.737996"/>
            </vertex>
            <vertex>
                <position y="0.844061" x="3.105321" z="-1.806468"/>
                <normal y="-0.624135" x="-0.256548" z="0.737996"/>
            </vertex>
            <vertex>
                <position y="0.841575" x="3.200075" z="-1.776121"/>
                <normal y="-0.624135" x="-0.256548" z="0.737996"/>
            </vertex>
            <vertex>
                <position y="0.989372" x="3.101249" z="-1.684991"/>
                <normal y="-0.624135" x="-0.256548" z="0.737996"/>
            </vertex>
            <vertex>
                <position y="0.989372" x="3.101249" z="-1.684991"/>
                <normal y="-0.661331" x="-0.400629" z="0.634144"/>
            </vertex>
            <vertex>
                <position y="0.841575" x="3.200075" z="-1.776121"/>
                <normal y="-0.661331" x="-0.400629" z="0.634144"/>
            </vertex>
            <vertex>
                <position y="0.835285" x="3.287113" z="-1.728263"/>
                <normal y="-0.661331" x="-0.400629" z="0.634144"/>
            </vertex>
            <vertex>
                <position y="0.982975" x="3.187859" z="-1.636377"/>
                <normal y="-0.661331" x="-0.400629" z="0.634144"/>
            </vertex>
            <vertex>
                <position y="0.982975" x="3.187859" z="-1.636377"/>
                <normal y="-0.676556" x="-0.524654" z="0.516730"/>
            </vertex>
            <vertex>
                <position y="0.835285" x="3.287113" z="-1.728263"/>
                <normal y="-0.676556" x="-0.524654" z="0.516730"/>
            </vertex>
            <vertex>
                <position y="0.825432" x="3.363089" z="-1.664732"/>
                <normal y="-0.676556" x="-0.524654" z="0.516730"/>
            </vertex>
            <vertex>
                <position y="0.972971" x="3.263269" z="-1.572199"/>
                <normal y="-0.676556" x="-0.524654" z="0.516730"/>
            </vertex>
            <vertex>
                <position y="0.972971" x="3.263269" z="-1.572199"/>
                <normal y="-0.672530" x="-0.629458" z="0.389213"/>
            </vertex>
            <vertex>
                <position y="0.825432" x="3.363089" z="-1.664732"/>
                <normal y="-0.672530" x="-0.629458" z="0.389213"/>
            </vertex>
            <vertex>
                <position y="0.812392" x="3.425083" z="-1.587972"/>
                <normal y="-0.672530" x="-0.629458" z="0.389213"/>
            </vertex>
            <vertex>
                <position y="0.959746" x="3.324582" z="-1.494924"/>
                <normal y="-0.672530" x="-0.629458" z="0.389213"/>
            </vertex>
            <vertex>
                <position y="0.959746" x="3.324582" z="-1.494924"/>
                <normal y="-0.644569" x="-0.729555" z="0.228650"/>
            </vertex>
            <vertex>
                <position y="0.812392" x="3.425083" z="-1.587972"/>
                <normal y="-0.644569" x="-0.729555" z="0.228650"/>
            </vertex>
            <vertex>
                <position y="0.796607" x="3.466371" z="-1.502409"/>
                <normal y="-0.644569" x="-0.729555" z="0.228650"/>
            </vertex>
            <vertex>
                <position y="0.943747" x="3.365110" z="-1.409039"/>
                <normal y="-0.644569" x="-0.729555" z="0.228650"/>
            </vertex>
            <vertex>
                <position y="0.943747" x="3.365110" z="-1.409039"/>
                <normal y="-0.390591" x="-0.876629" z="-0.280999"/>
            </vertex>
            <vertex>
                <position y="0.796607" x="3.466371" z="-1.502409"/>
                <normal y="-0.390591" x="-0.876629" z="-0.280999"/>
            </vertex>
            <vertex>
                <position y="0.778081" x="3.444156" z="-1.425363"/>
                <normal y="-0.390591" x="-0.876629" z="-0.280999"/>
            </vertex>
            <vertex>
                <position y="0.925171" x="3.353296" z="-1.328358"/>
                <normal y="-0.390591" x="-0.876629" z="-0.280999"/>
            </vertex>
            <vertex>
                <position y="0.925171" x="3.353296" z="-1.328358"/>
                <normal y="-0.324349" x="-0.882917" z="-0.339492"/>
            </vertex>
            <vertex>
                <position y="0.778081" x="3.444156" z="-1.425363"/>
                <normal y="-0.324349" x="-0.882917" z="-0.339492"/>
            </vertex>
            <vertex>
                <position y="0.758393" x="3.418854" z="-1.339515"/>
                <normal y="-0.324349" x="-0.882917" z="-0.339492"/>
            </vertex>
            <vertex>
                <position y="0.905256" x="3.327236" z="-1.242790"/>
                <normal y="-0.324349" x="-0.882917" z="-0.339492"/>
            </vertex>
            <vertex>
                <position y="0.905256" x="3.327236" z="-1.242790"/>
                <normal y="-0.326285" x="-0.863514" z="-0.384553"/>
            </vertex>
            <vertex>
                <position y="0.758393" x="3.418854" z="-1.339515"/>
                <normal y="-0.326285" x="-0.863514" z="-0.384553"/>
            </vertex>
            <vertex>
                <position y="0.738317" x="3.392541" z="-1.247789"/>
                <normal y="-0.326285" x="-0.863514" z="-0.384553"/>
            </vertex>
            <vertex>
                <position y="0.884783" x="3.289032" z="-1.155238"/>
                <normal y="-0.326285" x="-0.863514" z="-0.384553"/>
            </vertex>
            <vertex>
                <position y="0.884783" x="3.289032" z="-1.155238"/>
                <normal y="-0.381594" x="-0.853297" z="-0.355345"/>
            </vertex>
            <vertex>
                <position y="0.738317" x="3.392541" z="-1.247789"/>
                <normal y="-0.381594" x="-0.853297" z="-0.355345"/>
            </vertex>
            <vertex>
                <position y="0.718578" x="3.363158" z="-1.154757"/>
                <normal y="-0.381594" x="-0.853297" z="-0.355345"/>
            </vertex>
            <vertex>
                <position y="0.864799" x="3.258826" z="-1.062521"/>
                <normal y="-0.381594" x="-0.853297" z="-0.355345"/>
            </vertex>
            <vertex>
                <position y="0.864799" x="3.258826" z="-1.062521"/>
                <normal y="-0.409343" x="-0.853797" z="-0.321665"/>
            </vertex>
            <vertex>
                <position y="0.718578" x="3.363158" z="-1.154757"/>
                <normal y="-0.409343" x="-0.853797" z="-0.321665"/>
            </vertex>
            <vertex>
                <position y="0.700022" x="3.337636" z="-1.062016"/>
                <normal y="-0.409343" x="-0.853797" z="-0.321665"/>
            </vertex>
            <vertex>
                <position y="0.845997" x="3.232484" z="-0.970059"/>
                <normal y="-0.409343" x="-0.853797" z="-0.321665"/>
            </vertex>
            <vertex>
                <position y="0.845997" x="3.232484" z="-0.970059"/>
                <normal y="-0.341811" x="-0.839626" z="-0.422130"/>
            </vertex>
            <vertex>
                <position y="0.700022" x="3.337636" z="-1.062016"/>
                <normal y="-0.341811" x="-0.839626" z="-0.422130"/>
            </vertex>
            <vertex>
                <position y="0.683152" x="3.302753" z="-0.977966"/>
                <normal y="-0.341811" x="-0.839626" z="-0.422130"/>
            </vertex>
            <vertex>
                <position y="0.828903" x="3.196860" z="-0.886367"/>
                <normal y="-0.341811" x="-0.839626" z="-0.422130"/>
            </vertex>
            <vertex>
                <position y="0.828903" x="3.196860" z="-0.886367"/>
                <normal y="-0.409453" x="-0.848963" z="-0.334082"/>
            </vertex>
            <vertex>
                <position y="0.683152" x="3.302753" z="-0.977966"/>
                <normal y="-0.409453" x="-0.848963" z="-0.334082"/>
            </vertex>
            <vertex>
                <position y="0.668899" x="3.279111" z="-0.899281"/>
                <normal y="-0.409453" x="-0.848963" z="-0.334082"/>
            </vertex>
            <vertex>
                <position y="0.814441" x="3.172522" z="-0.807933"/>
                <normal y="-0.409453" x="-0.848963" z="-0.334082"/>
            </vertex>
            <vertex>
                <position y="0.834459" x="2.423403" z="-1.055252"/>
                <normal y="0.354817" x="0.837288" z="0.415996"/>
            </vertex>
            <vertex>
                <position y="0.688439" x="2.527827" z="-1.139980"/>
                <normal y="0.354817" x="0.837288" z="0.415996"/>
            </vertex>
            <vertex>
                <position y="0.707062" x="2.556648" z="-1.214777"/>
                <normal y="0.354817" x="0.837288" z="0.415996"/>
            </vertex>
            <vertex>
                <position y="0.853280" x="2.452885" z="-1.129742"/>
                <normal y="0.354817" x="0.837288" z="0.415996"/>
            </vertex>
            <vertex>
                <position y="0.853280" x="2.452885" z="-1.129742"/>
                <normal y="0.389471" x="0.847801" z="0.359926"/>
            </vertex>
            <vertex>
                <position y="0.707062" x="2.556648" z="-1.214777"/>
                <normal y="0.389471" x="0.847801" z="0.359926"/>
            </vertex>
            <vertex>
                <position y="0.726769" x="2.583348" z="-1.300149"/>
                <normal y="0.389471" x="0.847801" z="0.359926"/>
            </vertex>
            <vertex>
                <position y="0.873214" x="2.480338" z="-1.214822"/>
                <normal y="0.389471" x="0.847801" z="0.359926"/>
            </vertex>
            <vertex>
                <position y="0.873214" x="2.480338" z="-1.214822"/>
                <normal y="0.380203" x="0.848926" z="0.367110"/>
            </vertex>
            <vertex>
                <position y="0.726769" x="2.583348" z="-1.300149"/>
                <normal y="0.380203" x="0.848926" z="0.367110"/>
            </vertex>
            <vertex>
                <position y="0.746894" x="2.612988" z="-1.390742"/>
                <normal y="0.380203" x="0.848926" z="0.367110"/>
            </vertex>
            <vertex>
                <position y="0.893579" x="2.510778" z="-1.305095"/>
                <normal y="0.380203" x="0.848926" z="0.367110"/>
            </vertex>
            <vertex>
                <position y="0.893579" x="2.510778" z="-1.305095"/>
                <normal y="0.399968" x="0.855030" z="0.330075"/>
            </vertex>
            <vertex>
                <position y="0.746894" x="2.612988" z="-1.390742"/>
                <normal y="0.399968" x="0.855030" z="0.330075"/>
            </vertex>
            <vertex>
                <position y="0.766591" x="2.639532" z="-1.484742"/>
                <normal y="0.399968" x="0.855030" z="0.330075"/>
            </vertex>
            <vertex>
                <position y="0.913524" x="2.538153" z="-1.398804"/>
                <normal y="0.399968" x="0.855030" z="0.330075"/>
            </vertex>
            <vertex>
                <position y="0.913524" x="2.538153" z="-1.398804"/>
                <normal y="0.386315" x="0.855851" z="0.343918"/>
            </vertex>
            <vertex>
                <position y="0.766591" x="2.639532" z="-1.484742"/>
                <normal y="0.386315" x="0.855851" z="0.343918"/>
            </vertex>
            <vertex>
                <position y="0.785183" x="2.667544" z="-1.576635"/>
                <normal y="0.386315" x="0.855851" z="0.343918"/>
            </vertex>
            <vertex>
                <position y="0.932361" x="2.566978" z="-1.490396"/>
                <normal y="0.386315" x="0.855851" z="0.343918"/>
            </vertex>
            <vertex>
                <position y="0.932361" x="2.566978" z="-1.490396"/>
                <normal y="0.365037" x="0.854784" z="0.368907"/>
            </vertex>
            <vertex>
                <position y="0.785183" x="2.667544" z="-1.576635"/>
                <normal y="0.365037" x="0.854784" z="0.368907"/>
            </vertex>
            <vertex>
                <position y="0.801974" x="2.696957" z="-1.662546"/>
                <normal y="0.365037" x="0.854784" z="0.368907"/>
            </vertex>
            <vertex>
                <position y="0.949379" x="2.597150" z="-1.575998"/>
                <normal y="0.365037" x="0.854784" z="0.368907"/>
            </vertex>
            <vertex>
                <position y="0.949379" x="2.597150" z="-1.575998"/>
                <normal y="0.364160" x="0.857272" z="0.363967"/>
            </vertex>
            <vertex>
                <position y="0.801974" x="2.696957" z="-1.662546"/>
                <normal y="0.364160" x="0.857272" z="0.363967"/>
            </vertex>
            <vertex>
                <position y="0.816268" x="2.723436" z="-1.740266"/>
                <normal y="0.364160" x="0.857272" z="0.363967"/>
            </vertex>
            <vertex>
                <position y="0.963880" x="2.624315" z="-1.653442"/>
                <normal y="0.364160" x="0.857272" z="0.363967"/>
            </vertex>
            <vertex>
                <position y="0.963880" x="2.624315" z="-1.653442"/>
                <normal y="-0.206048" x="0.455913" z="0.865845"/>
            </vertex>
            <vertex>
                <position y="0.816268" x="2.723436" z="-1.740266"/>
                <normal y="-0.206048" x="0.455913" z="0.865845"/>
            </vertex>
            <vertex>
                <position y="0.828476" x="2.811808" z="-1.784389"/>
                <normal y="-0.206048" x="0.455913" z="0.865845"/>
            </vertex>
            <vertex>
                <position y="0.976219" x="2.713073" z="-1.696745"/>
                <normal y="-0.206048" x="0.455913" z="0.865845"/>
            </vertex>
            <vertex>
                <position y="0.985213" x="2.808878" z="-1.722166"/>
                <normal y="-0.470378" x="0.087133" z="0.878153"/>
            </vertex>
            <vertex>
                <position y="0.837383" x="2.907384" z="-1.810683"/>
                <normal y="-0.470378" x="0.087133" z="0.878153"/>
            </vertex>
            <vertex>
                <position y="0.842645" x="3.006491" z="-1.818139"/>
                <normal y="-0.470378" x="0.087133" z="0.878153"/>
            </vertex>
            <vertex>
                <position y="0.990513" x="2.908046" z="-1.728726"/>
                <normal y="-0.470378" x="0.087133" z="0.878153"/>
            </vertex>
            <vertex>
                <position y="0.976219" x="2.713073" z="-1.696745"/>
                <normal y="-0.350340" x="0.274731" z="0.895424"/>
            </vertex>
            <vertex>
                <position y="0.828476" x="2.811808" z="-1.784389"/>
                <normal y="-0.350340" x="0.274731" z="0.895424"/>
            </vertex>
            <vertex>
                <position y="0.837383" x="2.907384" z="-1.810683"/>
                <normal y="-0.350340" x="0.274731" z="0.895424"/>
            </vertex>
            <vertex>
                <position y="0.985213" x="2.808878" z="-1.722166"/>
                <normal y="-0.350340" x="0.274731" z="0.895424"/>
            </vertex>
            <vertex>
                <position y="1.104077" x="4.758488" z="-1.132822"/>
                <normal y="-0.561498" x="-0.092806" z="0.822257"/>
            </vertex>
            <vertex>
                <position y="0.956209" x="4.856933" z="-1.222234"/>
                <normal y="-0.561498" x="-0.092806" z="0.822257"/>
            </vertex>
            <vertex>
                <position y="0.957624" x="4.955763" z="-1.210564"/>
                <normal y="-0.561498" x="-0.092806" z="0.822257"/>
            </vertex>
            <vertex>
                <position y="1.105481" x="4.857210" z="-1.120269"/>
                <normal y="-0.561498" x="-0.092806" z="0.822257"/>
            </vertex>
            <vertex>
                <position y="1.105481" x="4.857210" z="-1.120269"/>
                <normal y="-0.624135" x="-0.256549" z="0.737996"/>
            </vertex>
            <vertex>
                <position y="0.957624" x="4.955763" z="-1.210564"/>
                <normal y="-0.624135" x="-0.256549" z="0.737996"/>
            </vertex>
            <vertex>
                <position y="0.955139" x="5.050517" z="-1.180217"/>
                <normal y="-0.624135" x="-0.256549" z="0.737996"/>
            </vertex>
            <vertex>
                <position y="1.102936" x="4.951691" z="-1.089087"/>
                <normal y="-0.624135" x="-0.256549" z="0.737996"/>
            </vertex>
            <vertex>
                <position y="1.102936" x="4.951691" z="-1.089087"/>
                <normal y="-0.661331" x="-0.400628" z="0.634144"/>
            </vertex>
            <vertex>
                <position y="0.955139" x="5.050517" z="-1.180217"/>
                <normal y="-0.661331" x="-0.400628" z="0.634144"/>
            </vertex>
            <vertex>
                <position y="0.948849" x="5.137555" z="-1.132358"/>
                <normal y="-0.661331" x="-0.400628" z="0.634144"/>
            </vertex>
            <vertex>
                <position y="1.096539" x="5.038301" z="-1.040473"/>
                <normal y="-0.661331" x="-0.400628" z="0.634144"/>
            </vertex>
            <vertex>
                <position y="1.096539" x="5.038301" z="-1.040473"/>
                <normal y="-0.676557" x="-0.524654" z="0.516729"/>
            </vertex>
            <vertex>
                <position y="0.948849" x="5.137555" z="-1.132358"/>
                <normal y="-0.676557" x="-0.524654" z="0.516729"/>
            </vertex>
            <vertex>
                <position y="0.938995" x="5.213531" z="-1.068828"/>
                <normal y="-0.676557" x="-0.524654" z="0.516729"/>
            </vertex>
            <vertex>
                <position y="1.086535" x="5.113711" z="-0.976295"/>
                <normal y="-0.676557" x="-0.524654" z="0.516729"/>
            </vertex>
            <vertex>
                <position y="1.086535" x="5.113711" z="-0.976295"/>
                <normal y="-0.672529" x="-0.629458" z="0.389214"/>
            </vertex>
            <vertex>
                <position y="0.938995" x="5.213531" z="-1.068828"/>
                <normal y="-0.672529" x="-0.629458" z="0.389214"/>
            </vertex>
            <vertex>
                <position y="0.925956" x="5.275526" z="-0.992067"/>
                <normal y="-0.672529" x="-0.629458" z="0.389214"/>
            </vertex>
            <vertex>
                <position y="1.073309" x="5.175024" z="-0.899020"/>
                <normal y="-0.672529" x="-0.629458" z="0.389214"/>
            </vertex>
            <vertex>
                <position y="1.073309" x="5.175024" z="-0.899020"/>
                <normal y="-0.644568" x="-0.729556" z="0.228649"/>
            </vertex>
            <vertex>
                <position y="0.925956" x="5.275526" z="-0.992067"/>
                <normal y="-0.644568" x="-0.729556" z="0.228649"/>
            </vertex>
            <vertex>
                <position y="0.910170" x="5.316813" z="-0.906505"/>
                <normal y="-0.644568" x="-0.729556" z="0.228649"/>
            </vertex>
            <vertex>
                <position y="1.057311" x="5.215552" z="-0.813135"/>
                <normal y="-0.644568" x="-0.729556" z="0.228649"/>
            </vertex>
            <vertex>
                <position y="1.057311" x="5.215552" z="-0.813135"/>
                <normal y="-0.390592" x="-0.876629" z="-0.280998"/>
            </vertex>
            <vertex>
                <position y="0.910170" x="5.316813" z="-0.906505"/>
                <normal y="-0.390592" x="-0.876629" z="-0.280998"/>
            </vertex>
            <vertex>
                <position y="0.891644" x="5.294599" z="-0.829458"/>
                <normal y="-0.390592" x="-0.876629" z="-0.280998"/>
            </vertex>
            <vertex>
                <position y="1.038734" x="5.203738" z="-0.732453"/>
                <normal y="-0.390592" x="-0.876629" z="-0.280998"/>
            </vertex>
            <vertex>
                <position y="1.038734" x="5.203738" z="-0.732453"/>
                <normal y="-0.324349" x="-0.882917" z="-0.339491"/>
            </vertex>
            <vertex>
                <position y="0.891644" x="5.294599" z="-0.829458"/>
                <normal y="-0.324349" x="-0.882917" z="-0.339491"/>
            </vertex>
            <vertex>
                <position y="0.871957" x="5.269296" z="-0.743610"/>
                <normal y="-0.324349" x="-0.882917" z="-0.339491"/>
            </vertex>
            <vertex>
                <position y="1.018820" x="5.177678" z="-0.646885"/>
                <normal y="-0.324349" x="-0.882917" z="-0.339491"/>
            </vertex>
            <vertex>
                <position y="1.018820" x="5.177678" z="-0.646885"/>
                <normal y="-0.326283" x="-0.863516" z="-0.384552"/>
            </vertex>
            <vertex>
                <position y="0.871957" x="5.269296" z="-0.743610"/>
                <normal y="-0.326283" x="-0.863516" z="-0.384552"/>
            </vertex>
            <vertex>
                <position y="0.851880" x="5.242983" z="-0.651885"/>
                <normal y="-0.326283" x="-0.863516" z="-0.384552"/>
            </vertex>
            <vertex>
                <position y="0.998347" x="5.139474" z="-0.559333"/>
                <normal y="-0.326283" x="-0.863516" z="-0.384552"/>
            </vertex>
            <vertex>
                <position y="0.998347" x="5.139474" z="-0.559333"/>
                <normal y="-0.381594" x="-0.853298" z="-0.355344"/>
            </vertex>
            <vertex>
                <position y="0.851880" x="5.242983" z="-0.651885"/>
                <normal y="-0.381594" x="-0.853298" z="-0.355344"/>
            </vertex>
            <vertex>
                <position y="0.832142" x="5.213600" z="-0.558852"/>
                <normal y="-0.381594" x="-0.853298" z="-0.355344"/>
            </vertex>
            <vertex>
                <position y="0.978362" x="5.109268" z="-0.466616"/>
                <normal y="-0.381594" x="-0.853298" z="-0.355344"/>
            </vertex>
            <vertex>
                <position y="0.978362" x="5.109268" z="-0.466616"/>
                <normal y="-0.409342" x="-0.853797" z="-0.321668"/>
            </vertex>
            <vertex>
                <position y="0.832142" x="5.213600" z="-0.558852"/>
                <normal y="-0.409342" x="-0.853797" z="-0.321668"/>
            </vertex>
            <vertex>
                <position y="0.813586" x="5.188078" z="-0.466111"/>
                <normal y="-0.409342" x="-0.853797" z="-0.321668"/>
            </vertex>
            <vertex>
                <position y="0.959560" x="5.082926" z="-0.374154"/>
                <normal y="-0.409342" x="-0.853797" z="-0.321668"/>
            </vertex>
            <vertex>
                <position y="0.959560" x="5.082926" z="-0.374154"/>
                <normal y="-0.341811" x="-0.839626" z="-0.422129"/>
            </vertex>
            <vertex>
                <position y="0.813586" x="5.188078" z="-0.466111"/>
                <normal y="-0.341811" x="-0.839626" z="-0.422129"/>
            </vertex>
            <vertex>
                <position y="0.796716" x="5.153195" z="-0.382061"/>
                <normal y="-0.341811" x="-0.839626" z="-0.422129"/>
            </vertex>
            <vertex>
                <position y="0.942467" x="5.047302" z="-0.290462"/>
                <normal y="-0.341811" x="-0.839626" z="-0.422129"/>
            </vertex>
            <vertex>
                <position y="0.942467" x="5.047302" z="-0.290462"/>
                <normal y="-0.409456" x="-0.848963" z="-0.334079"/>
            </vertex>
            <vertex>
                <position y="0.796716" x="5.153195" z="-0.382061"/>
                <normal y="-0.409456" x="-0.848963" z="-0.334079"/>
            </vertex>
            <vertex>
                <position y="0.782462" x="5.129554" z="-0.303377"/>
                <normal y="-0.409456" x="-0.848963" z="-0.334079"/>
            </vertex>
            <vertex>
                <position y="0.928005" x="5.022964" z="-0.212028"/>
                <normal y="-0.409456" x="-0.848963" z="-0.334079"/>
            </vertex>
            <vertex>
                <position y="0.948023" x="4.273845" z="-0.459347"/>
                <normal y="0.354817" x="0.837288" z="0.415997"/>
            </vertex>
            <vertex>
                <position y="0.802002" x="4.378268" z="-0.544075"/>
                <normal y="0.354817" x="0.837288" z="0.415997"/>
            </vertex>
            <vertex>
                <position y="0.820625" x="4.407090" z="-0.618873"/>
                <normal y="0.354817" x="0.837288" z="0.415997"/>
            </vertex>
            <vertex>
                <position y="0.966844" x="4.303327" z="-0.533837"/>
                <normal y="0.354817" x="0.837288" z="0.415997"/>
            </vertex>
            <vertex>
                <position y="0.966844" x="4.303327" z="-0.533837"/>
                <normal y="0.389471" x="0.847801" z="0.359926"/>
            </vertex>
            <vertex>
                <position y="0.820625" x="4.407090" z="-0.618873"/>
                <normal y="0.389471" x="0.847801" z="0.359926"/>
            </vertex>
            <vertex>
                <position y="0.840332" x="4.433790" z="-0.704245"/>
                <normal y="0.389471" x="0.847801" z="0.359926"/>
            </vertex>
            <vertex>
                <position y="0.986778" x="4.330780" z="-0.618917"/>
                <normal y="0.389471" x="0.847801" z="0.359926"/>
            </vertex>
            <vertex>
                <position y="0.986778" x="4.330780" z="-0.618917"/>
                <normal y="0.380204" x="0.848926" z="0.367109"/>
            </vertex>
            <vertex>
                <position y="0.840332" x="4.433790" z="-0.704245"/>
                <normal y="0.380204" x="0.848926" z="0.367109"/>
            </vertex>
            <vertex>
                <position y="0.860458" x="4.463429" z="-0.794838"/>
                <normal y="0.380204" x="0.848926" z="0.367109"/>
            </vertex>
            <vertex>
                <position y="1.007143" x="4.361220" z="-0.709191"/>
                <normal y="0.380204" x="0.848926" z="0.367109"/>
            </vertex>
            <vertex>
                <position y="1.007143" x="4.361220" z="-0.709191"/>
                <normal y="0.399966" x="0.855030" z="0.330076"/>
            </vertex>
            <vertex>
                <position y="0.860458" x="4.463429" z="-0.794838"/>
                <normal y="0.399966" x="0.855030" z="0.330076"/>
            </vertex>
            <vertex>
                <position y="0.880154" x="4.489974" z="-0.888837"/>
                <normal y="0.399966" x="0.855030" z="0.330076"/>
            </vertex>
            <vertex>
                <position y="1.027088" x="4.388595" z="-0.802899"/>
                <normal y="0.399966" x="0.855030" z="0.330076"/>
            </vertex>
            <vertex>
                <position y="1.027088" x="4.388595" z="-0.802899"/>
                <normal y="0.386316" x="0.855851" z="0.343918"/>
            </vertex>
            <vertex>
                <position y="0.880154" x="4.489974" z="-0.888837"/>
                <normal y="0.386316" x="0.855851" z="0.343918"/>
            </vertex>
            <vertex>
                <position y="0.898747" x="4.517986" z="-0.980730"/>
                <normal y="0.386316" x="0.855851" z="0.343918"/>
            </vertex>
            <vertex>
                <position y="1.045925" x="4.417419" z="-0.894491"/>
                <normal y="0.386316" x="0.855851" z="0.343918"/>
            </vertex>
            <vertex>
                <position y="1.045925" x="4.417419" z="-0.894491"/>
                <normal y="0.365038" x="0.854783" z="0.368908"/>
            </vertex>
            <vertex>
                <position y="0.898747" x="4.517986" z="-0.980730"/>
                <normal y="0.365038" x="0.854783" z="0.368908"/>
            </vertex>
            <vertex>
                <position y="0.915537" x="4.547399" z="-1.066642"/>
                <normal y="0.365038" x="0.854783" z="0.368908"/>
            </vertex>
            <vertex>
                <position y="1.062943" x="4.447591" z="-0.980094"/>
                <normal y="0.365038" x="0.854783" z="0.368908"/>
            </vertex>
            <vertex>
                <position y="1.062943" x="4.447591" z="-0.980094"/>
                <normal y="0.364161" x="0.857271" z="0.363968"/>
            </vertex>
            <vertex>
                <position y="0.915537" x="4.547399" z="-1.066642"/>
                <normal y="0.364161" x="0.857271" z="0.363968"/>
            </vertex>
            <vertex>
                <position y="0.929832" x="4.573878" z="-1.144361"/>
                <normal y="0.364161" x="0.857271" z="0.363968"/>
            </vertex>
            <vertex>
                <position y="1.077444" x="4.474757" z="-1.057537"/>
                <normal y="0.364161" x="0.857271" z="0.363968"/>
            </vertex>
            <vertex>
                <position y="1.077444" x="4.474757" z="-1.057537"/>
                <normal y="-0.206048" x="0.455912" z="0.865845"/>
            </vertex>
            <vertex>
                <position y="0.929832" x="4.573878" z="-1.144361"/>
                <normal y="-0.206048" x="0.455912" z="0.865845"/>
            </vertex>
            <vertex>
                <position y="0.942040" x="4.662250" z="-1.188484"/>
                <normal y="-0.206048" x="0.455912" z="0.865845"/>
            </vertex>
            <vertex>
                <position y="1.089783" x="4.563516" z="-1.100841"/>
                <normal y="-0.206048" x="0.455912" z="0.865845"/>
            </vertex>
            <vertex>
                <position y="1.098776" x="4.659320" z="-1.126261"/>
                <normal y="-0.470377" x="0.087133" z="0.878153"/>
            </vertex>
            <vertex>
                <position y="0.950947" x="4.757826" z="-1.214779"/>
                <normal y="-0.470377" x="0.087133" z="0.878153"/>
            </vertex>
            <vertex>
                <position y="0.956209" x="4.856933" z="-1.222234"/>
                <normal y="-0.470377" x="0.087133" z="0.878153"/>
            </vertex>
            <vertex>
                <position y="1.104077" x="4.758488" z="-1.132822"/>
                <normal y="-0.470377" x="0.087133" z="0.878153"/>
            </vertex>
            <vertex>
                <position y="1.089783" x="4.563516" z="-1.100841"/>
                <normal y="-0.350339" x="0.274732" z="0.895425"/>
            </vertex>
            <vertex>
                <position y="0.942040" x="4.662250" z="-1.188484"/>
                <normal y="-0.350339" x="0.274732" z="0.895425"/>
            </vertex>
            <vertex>
                <position y="0.950947" x="4.757826" z="-1.214779"/>
                <normal y="-0.350339" x="0.274732" z="0.895425"/>
            </vertex>
            <vertex>
                <position y="1.098776" x="4.659320" z="-1.126261"/>
                <normal y="-0.350339" x="0.274732" z="0.895425"/>
            </vertex>
        </vertexbuffer>
    </sharedgeometry>
    <submeshes>
        <submesh usesharedvertices="true" material="_missing_material_" use32bitindexes="False">
            <faces count="138">
                <face v1="0" v2="1" v3="2"/>
                <face v1="0" v2="2" v3="3"/>
                <face v1="4" v2="5" v3="6"/>
                <face v1="4" v2="6" v3="7"/>
                <face v1="8" v2="9" v3="10"/>
                <face v1="8" v2="10" v3="11"/>
                <face v1="12" v2="13" v3="14"/>
                <face v1="12" v2="14" v3="15"/>
                <face v1="16" v2="17" v3="18"/>
                <face v1="16" v2="18" v3="19"/>
                <face v1="20" v2="21" v3="22"/>
                <face v1="20" v2="22" v3="23"/>
                <face v1="24" v2="25" v3="26"/>
                <face v1="24" v2="26" v3="27"/>
                <face v1="28" v2="29" v3="30"/>
                <face v1="28" v2="30" v3="31"/>
                <face v1="32" v2="33" v3="34"/>
                <face v1="32" v2="34" v3="35"/>
                <face v1="36" v2="37" v3="38"/>
                <face v1="36" v2="38" v3="39"/>
                <face v1="40" v2="41" v3="42"/>
                <face v1="40" v2="42" v3="43"/>
                <face v1="44" v2="45" v3="46"/>
                <face v1="44" v2="46" v3="47"/>
                <face v1="48" v2="49" v3="50"/>
                <face v1="48" v2="50" v3="51"/>
                <face v1="52" v2="53" v3="54"/>
                <face v1="52" v2="54" v3="55"/>
                <face v1="56" v2="57" v3="58"/>
                <face v1="56" v2="58" v3="59"/>
                <face v1="60" v2="61" v3="62"/>
                <face v1="60" v2="62" v3="63"/>
                <face v1="64" v2="65" v3="66"/>
                <face v1="64" v2="66" v3="67"/>
                <face v1="68" v2="69" v3="70"/>
                <face v1="68" v2="70" v3="71"/>
                <face v1="72" v2="73" v3="74"/>
                <face v1="72" v2="74" v3="75"/>
                <face v1="76" v2="77" v3="78"/>
                <face v1="76" v2="78" v3="79"/>
                <face v1="80" v2="81" v3="82"/>
                <face v1="80" v2="82" v3="83"/>
                <face v1="84" v2="85" v3="86"/>
                <face v1="84" v2="86" v3="87"/>
                <face v1="88" v2="89" v3="90"/>
                <face v1="88" v2="90" v3="91"/>
                <face v1="92" v2="93" v3="94"/>
                <face v1="92" v2="94" v3="95"/>
                <face v1="96" v2="97" v3="98"/>
                <face v1="96" v2="98" v3="99"/>
                <face v1="100" v2="101" v3="102"/>
                <face v1="100" v2="102" v3="103"/>
                <face v1="104" v2="105" v3="106"/>
                <face v1="104" v2="106" v3="107"/>
                <face v1="108" v2="109" v3="110"/>
                <face v1="108" v2="110" v3="111"/>
                <face v1="112" v2="113" v3="114"/>
                <face v1="112" v2="114" v3="115"/>
                <face v1="116" v2="117" v3="118"/>
                <face v1="116" v2="118" v3="119"/>
                <face v1="120" v2="121" v3="122"/>
                <face v1="120" v2="122" v3="123"/>
                <face v1="124" v2="125" v3="126"/>
                <face v1="124" v2="126" v3="127"/>
                <face v1="128" v2="129" v3="130"/>
                <face v1="128" v2="130" v3="131"/>
                <face v1="132" v2="133" v3="134"/>
                <face v1="132" v2="134" v3="135"/>
                <face v1="136" v2="137" v3="138"/>
                <face v1="136" v2="138" v3="139"/>
                <face v1="140" v2="141" v3="142"/>
                <face v1="140" v2="142" v3="143"/>
                <face v1="144" v2="145" v3="146"/>
                <face v1="144" v2="146" v3="147"/>
                <face v1="148" v2="149" v3="150"/>
                <face v1="148" v2="150" v3="151"/>
                <face v1="152" v2="153" v3="154"/>
                <face v1="152" v2="154" v3="155"/>
                <face v1="156" v2="157" v3="158"/>
                <face v1="156" v2="158" v3="159"/>
                <face v1="160" v2="161" v3="162"/>
                <face v1="160" v2="162" v3="163"/>
                <face v1="164" v2="165" v3="166"/>
                <face v1="164" v2="166" v3="167"/>
                <face v1="168" v2="169" v3="170"/>
                <face v1="168" v2="170" v3="171"/>
                <face v1="172" v2="173" v3="174"/>
                <face v1="172" v2="174" v3="175"/>
                <face v1="176" v2="177" v3="178"/>
                <face v1="176" v2="178" v3="179"/>
                <face v1="180" v2="181" v3="182"/>
                <face v1="180" v2="182" v3="183"/>
                <face v1="184" v2="185" v3="186"/>
                <face v1="184" v2="186" v3="187"/>
                <face v1="188" v2="189" v3="190"/>
                <face v1="188" v2="190" v3="191"/>
                <face v1="192" v2="193" v3="194"/>
                <face v1="192" v2="194" v3="195"/>
                <face v1="196" v2="197" v3="198"/>
                <face v1="196" v2="198" v3="199"/>
                <face v1="200" v2="201" v3="202"/>
                <face v1="200" v2="202" v3="203"/>
                <face v1="204" v2="205" v3="206"/>
                <face v1="204" v2="206" v3="207"/>
                <face v1="208" v2="209" v3="210"/>
                <face v1="208" v2="210" v3="211"/>
                <face v1="212" v2="213" v3="214"/>
                <face v1="212" v2="214" v3="215"/>
                <face v1="216" v2="217" v3="218"/>
                <face v1="216" v2="218" v3="219"/>
                <face v1="220" v2="221" v3="222"/>
                <face v1="220" v2="222" v3="223"/>
                <face v1="224" v2="225" v3="226"/>
                <face v1="224" v2="226" v3="227"/>
                <face v1="228" v2="229" v3="230"/>
                <face v1="228" v2="230" v3="231"/>
                <face v1="232" v2="233" v3="234"/>
                <face v1="232" v2="234" v3="235"/>
                <face v1="236" v2="237" v3="238"/>
                <face v1="236" v2="238" v3="239"/>
                <face v1="240" v2="241" v3="242"/>
                <face v1="240" v2="242" v3="243"/>
                <face v1="244" v2="245" v3="246"/>
                <face v1="244" v2="246" v3="247"/>
                <face v1="248" v2="249" v3="250"/>
                <face v1="248" v2="250" v3="251"/>
                <face v1="252" v2="253" v3="254"/>
                <face v1="252" v2="254" v3="255"/>
                <face v1="256" v2="257" v3="258"/>
                <face v1="256" v2="258" v3="259"/>
                <face v1="260" v2="261" v3="262"/>
                <face v1="260" v2="262" v3="263"/>
                <face v1="264" v2="265" v3="266"/>
                <face v1="264" v2="266" v3="267"/>
                <face v1="268" v2="269" v3="270"/>
                <face v1="268" v2="270" v3="271"/>
                <face v1="272" v2="273" v3="274"/>
                <face v1="272" v2="274" v3="275"/>
            </faces>
        </submesh>
    </submeshes>
</mesh>