<?xml version="1.0" encoding="UTF-8"?>
<mesh>
    <sharedgeometry vertexcount="24">
        <vertexbuffer texture_coords="1" positions="true" colours_diffuse="False" normals="true">
            <vertex>
                <position y="-0.473366" x="7.785696" z="-8.757387"/>
                <normal y="-1.000000" x="0.000000" z="-0.000000"/>
                <texcoord u="0.395121" v="0.089129"/>
            </vertex>
            <vertex>
                <position y="-0.473366" x="7.785696" z="8.757387"/>
                <normal y="-1.000000" x="0.000000" z="-0.000000"/>
                <texcoord u="0.037379" v="0.089129"/>
            </vertex>
            <vertex>
                <position y="-0.473366" x="-7.785696" z="8.757387"/>
                <normal y="-1.000000" x="0.000000" z="-0.000000"/>
                <texcoord u="0.037379" v="0.407177"/>
            </vertex>
            <vertex>
                <position y="-0.473366" x="-7.785693" z="-8.757392"/>
                <normal y="-1.000000" x="0.000000" z="-0.000000"/>
                <texcoord u="0.395121" v="0.407177"/>
            </vertex>
            <vertex>
                <position y="0.473367" x="7.785703" z="-8.757383"/>
                <normal y="1.000000" x="0.000000" z="0.000000"/>
                <texcoord u="0.967217" v="0.580665"/>
            </vertex>
            <vertex>
                <position y="0.473367" x="-7.785696" z="-8.757387"/>
                <normal y="1.000000" x="0.000000" z="0.000000"/>
                <texcoord u="0.534467" v="0.580665"/>
            </vertex>
            <vertex>
                <position y="0.473367" x="-7.785700" z="8.757383"/>
                <normal y="1.000000" x="0.000000" z="0.000000"/>
                <texcoord u="0.525526" v="0.973178"/>
            </vertex>
            <vertex>
                <position y="0.473367" x="7.785689" z="8.757392"/>
                <normal y="1.000000" x="0.000000" z="0.000000"/>
                <texcoord u="0.976158" v="0.955296"/>
            </vertex>
            <vertex>
                <position y="-0.473366" x="7.785696" z="-8.757387"/>
                <normal y="-0.000000" x="1.000000" z="0.000000"/>
                <texcoord u="0.390131" v="0.603816"/>
            </vertex>
            <vertex>
                <position y="0.473367" x="7.785703" z="-8.757383"/>
                <normal y="-0.000000" x="1.000000" z="0.000000"/>
                <texcoord u="0.436368" v="0.545144"/>
            </vertex>
            <vertex>
                <position y="0.473367" x="7.785689" z="8.757392"/>
                <normal y="-0.000000" x="1.000000" z="0.000000"/>
                <texcoord u="0.048751" v="0.571440"/>
            </vertex>
            <vertex>
                <position y="-0.473366" x="7.785696" z="8.757387"/>
                <normal y="-0.000000" x="1.000000" z="0.000000"/>
                <texcoord u="0.098119" v="0.613073"/>
            </vertex>
            <vertex>
                <position y="-0.473366" x="7.785696" z="8.757387"/>
                <normal y="-0.000001" x="-0.000000" z="1.000000"/>
                <texcoord u="0.098119" v="0.613073"/>
            </vertex>
            <vertex>
                <position y="0.473367" x="7.785689" z="8.757392"/>
                <normal y="-0.000001" x="-0.000000" z="1.000000"/>
                <texcoord u="0.048751" v="0.571440"/>
            </vertex>
            <vertex>
                <position y="0.473367" x="-7.785700" z="8.757383"/>
                <normal y="-0.000001" x="-0.000000" z="1.000000"/>
                <texcoord u="0.033282" v="0.927558"/>
            </vertex>
            <vertex>
                <position y="-0.473366" x="-7.785696" z="8.757387"/>
                <normal y="-0.000001" x="-0.000000" z="1.000000"/>
                <texcoord u="0.075352" v="0.885611"/>
            </vertex>
            <vertex>
                <position y="-0.473366" x="-7.785696" z="8.757387"/>
                <normal y="-0.000004" x="-1.000000" z="-0.000000"/>
                <texcoord u="0.075352" v="0.885611"/>
            </vertex>
            <vertex>
                <position y="0.473367" x="-7.785700" z="8.757383"/>
                <normal y="-0.000004" x="-1.000000" z="-0.000000"/>
                <texcoord u="0.033282" v="0.927558"/>
            </vertex>
            <vertex>
                <position y="0.473367" x="-7.785696" z="-8.757387"/>
                <normal y="-0.000004" x="-1.000000" z="-0.000000"/>
                <texcoord u="0.415503" v="0.927559"/>
            </vertex>
            <vertex>
                <position y="-0.473366" x="-7.785693" z="-8.757392"/>
                <normal y="-0.000004" x="-1.000000" z="-0.000000"/>
                <texcoord u="0.364029" v="0.871796"/>
            </vertex>
            <vertex>
                <position y="0.473367" x="7.785703" z="-8.757383"/>
                <normal y="0.000005" x="0.000000" z="-1.000000"/>
                <texcoord u="0.436368" v="0.545144"/>
            </vertex>
            <vertex>
                <position y="-0.473366" x="7.785696" z="-8.757387"/>
                <normal y="0.000005" x="0.000000" z="-1.000000"/>
                <texcoord u="0.390131" v="0.603816"/>
            </vertex>
            <vertex>
                <position y="-0.473366" x="-7.785693" z="-8.757392"/>
                <normal y="0.000005" x="0.000000" z="-1.000000"/>
                <texcoord u="0.364029" v="0.871796"/>
            </vertex>
            <vertex>
                <position y="0.473367" x="-7.785696" z="-8.757387"/>
                <normal y="0.000005" x="0.000000" z="-1.000000"/>
                <texcoord u="0.415503" v="0.927559"/>
            </vertex>
        </vertexbuffer>
    </sharedgeometry>
    <submeshes>
        <submesh usesharedvertices="true" material="wall" use32bitindexes="False">
            <faces count="12">
                <face v1="0" v2="1" v3="2"/>
                <face v1="0" v2="2" v3="3"/>
                <face v1="4" v2="5" v3="6"/>
                <face v1="4" v2="6" v3="7"/>
                <face v1="8" v2="9" v3="10"/>
                <face v1="8" v2="10" v3="11"/>
                <face v1="12" v2="13" v3="14"/>
                <face v1="12" v2="14" v3="15"/>
                <face v1="16" v2="17" v3="18"/>
                <face v1="16" v2="18" v3="19"/>
                <face v1="20" v2="21" v3="22"/>
                <face v1="20" v2="22" v3="23"/>
            </faces>
        </submesh>
    </submeshes>
</mesh>