<?xml version="1.0" encoding="UTF-8"?>
<mesh>
    <sharedgeometry vertexcount="24">
        <vertexbuffer texture_coords="1" positions="true" colours_diffuse="False" normals="true">
            <vertex>
                <position y="-0.473366" x="7.785696" z="-8.757387"/>
                <normal y="-1.000000" x="0.000000" z="-0.000000"/>
                <texcoord u="0.306833" v="0.459446"/>
            </vertex>
            <vertex>
                <position y="-0.473366" x="7.785696" z="8.757387"/>
                <normal y="-1.000000" x="0.000000" z="-0.000000"/>
                <texcoord u="0.035156" v="0.459446"/>
            </vertex>
            <vertex>
                <position y="-0.473366" x="-7.785696" z="8.757387"/>
                <normal y="-1.000000" x="0.000000" z="-0.000000"/>
                <texcoord u="0.035156" v="0.700979"/>
            </vertex>
            <vertex>
                <position y="-0.473366" x="-7.785693" z="-8.757392"/>
                <normal y="-1.000000" x="0.000000" z="-0.000000"/>
                <texcoord u="0.306833" v="0.700979"/>
            </vertex>
            <vertex>
                <position y="0.473367" x="7.785703" z="-8.757383"/>
                <normal y="1.000000" x="0.000000" z="0.000000"/>
                <texcoord u="0.035156" v="0.972656"/>
            </vertex>
            <vertex>
                <position y="0.473367" x="-7.785696" z="-8.757387"/>
                <normal y="1.000000" x="0.000000" z="0.000000"/>
                <texcoord u="0.276689" v="0.972656"/>
            </vertex>
            <vertex>
                <position y="0.473367" x="-7.785700" z="8.757383"/>
                <normal y="1.000000" x="0.000000" z="0.000000"/>
                <texcoord u="0.276689" v="0.700979"/>
            </vertex>
            <vertex>
                <position y="0.473367" x="7.785689" z="8.757392"/>
                <normal y="1.000000" x="0.000000" z="0.000000"/>
                <texcoord u="0.035156" v="0.700979"/>
            </vertex>
            <vertex>
                <position y="-0.473366" x="7.785696" z="-8.757387"/>
                <normal y="-0.000000" x="1.000000" z="0.000000"/>
                <texcoord u="0.652062" v="0.183594"/>
            </vertex>
            <vertex>
                <position y="0.473367" x="7.785703" z="-8.757383"/>
                <normal y="-0.000000" x="1.000000" z="0.000000"/>
                <texcoord u="0.628361" v="0.185252"/>
            </vertex>
            <vertex>
                <position y="0.473367" x="7.785689" z="8.757392"/>
                <normal y="-0.000000" x="1.000000" z="0.000000"/>
                <texcoord u="0.627146" v="0.367544"/>
            </vertex>
            <vertex>
                <position y="-0.473366" x="7.785696" z="8.757387"/>
                <normal y="-0.000000" x="1.000000" z="0.000000"/>
                <texcoord u="0.650848" v="0.365886"/>
            </vertex>
            <vertex>
                <position y="-0.473366" x="7.785696" z="8.757387"/>
                <normal y="-0.000001" x="-0.000000" z="1.000000"/>
                <texcoord u="0.650848" v="0.365886"/>
            </vertex>
            <vertex>
                <position y="0.473367" x="7.785689" z="8.757392"/>
                <normal y="-0.000001" x="-0.000000" z="1.000000"/>
                <texcoord u="0.627146" v="0.367544"/>
            </vertex>
            <vertex>
                <position y="0.473367" x="-7.785700" z="8.757383"/>
                <normal y="-0.000001" x="-0.000000" z="1.000000"/>
                <texcoord u="0.627146" v="0.549680"/>
            </vertex>
            <vertex>
                <position y="-0.473366" x="-7.785696" z="8.757387"/>
                <normal y="-0.000001" x="-0.000000" z="1.000000"/>
                <texcoord u="0.650847" v="0.548022"/>
            </vertex>
            <vertex>
                <position y="-0.473366" x="-7.785696" z="8.757387"/>
                <normal y="-0.000004" x="-1.000000" z="-0.000000"/>
                <texcoord u="0.650847" v="0.548022"/>
            </vertex>
            <vertex>
                <position y="0.473367" x="-7.785700" z="8.757383"/>
                <normal y="-0.000004" x="-1.000000" z="-0.000000"/>
                <texcoord u="0.627146" v="0.549680"/>
            </vertex>
            <vertex>
                <position y="0.473367" x="-7.785696" z="-8.757387"/>
                <normal y="-0.000004" x="-1.000000" z="-0.000000"/>
                <texcoord u="0.649625" v="0.729777"/>
            </vertex>
            <vertex>
                <position y="-0.473366" x="-7.785693" z="-8.757392"/>
                <normal y="-0.000004" x="-1.000000" z="-0.000000"/>
                <texcoord u="0.673327" v="0.728119"/>
            </vertex>
            <vertex>
                <position y="0.473367" x="7.785703" z="-8.757383"/>
                <normal y="0.000005" x="0.000000" z="-1.000000"/>
                <texcoord u="0.649625" v="0.911917"/>
            </vertex>
            <vertex>
                <position y="-0.473366" x="7.785696" z="-8.757387"/>
                <normal y="0.000005" x="0.000000" z="-1.000000"/>
                <texcoord u="0.673327" v="0.910258"/>
            </vertex>
            <vertex>
                <position y="-0.473366" x="-7.785693" z="-8.757392"/>
                <normal y="0.000005" x="0.000000" z="-1.000000"/>
                <texcoord u="0.673327" v="0.728119"/>
            </vertex>
            <vertex>
                <position y="0.473367" x="-7.785696" z="-8.757387"/>
                <normal y="0.000005" x="0.000000" z="-1.000000"/>
                <texcoord u="0.649625" v="0.729777"/>
            </vertex>
        </vertexbuffer>
    </sharedgeometry>
    <submeshes>
        <submesh usesharedvertices="true" material="Material" use32bitindexes="False">
            <faces count="12">
                <face v1="0" v2="1" v3="2"/>
                <face v1="0" v2="2" v3="3"/>
                <face v1="4" v2="5" v3="6"/>
                <face v1="4" v2="6" v3="7"/>
                <face v1="8" v2="9" v3="10"/>
                <face v1="8" v2="10" v3="11"/>
                <face v1="12" v2="13" v3="14"/>
                <face v1="12" v2="14" v3="15"/>
                <face v1="16" v2="17" v3="18"/>
                <face v1="16" v2="18" v3="19"/>
                <face v1="20" v2="21" v3="22"/>
                <face v1="20" v2="22" v3="23"/>
            </faces>
        </submesh>
    </submeshes>
</mesh>