<?xml version="1.0" encoding="UTF-8"?>
<mesh>
    <sharedgeometry vertexcount="24">
        <vertexbuffer texture_coords="1" positions="true" colours_diffuse="False" normals="true">
            <vertex>
                <position y="-0.473366" x="7.785696" z="-8.757387"/>
                <normal y="-1.000000" x="0.000000" z="-0.000000"/>
                <texcoord u="0.538430" v="0.578740"/>
            </vertex>
            <vertex>
                <position y="-0.473366" x="7.785696" z="8.757387"/>
                <normal y="-1.000000" x="0.000000" z="-0.000000"/>
                <texcoord u="0.534705" v="0.963057"/>
            </vertex>
            <vertex>
                <position y="-0.473366" x="-7.785696" z="8.757387"/>
                <normal y="-1.000000" x="0.000000" z="-0.000000"/>
                <texcoord u="0.963730" v="0.966783"/>
            </vertex>
            <vertex>
                <position y="-0.473366" x="-7.785693" z="-8.757392"/>
                <normal y="-1.000000" x="0.000000" z="-0.000000"/>
                <texcoord u="0.967455" v="0.571289"/>
            </vertex>
            <vertex>
                <position y="0.473367" x="7.785703" z="-8.757383"/>
                <normal y="1.000000" x="0.000000" z="0.000000"/>
                <texcoord u="0.523163" v="0.049438"/>
            </vertex>
            <vertex>
                <position y="0.473367" x="-7.785696" z="-8.757387"/>
                <normal y="1.000000" x="0.000000" z="0.000000"/>
                <texcoord u="0.090412" v="0.041988"/>
            </vertex>
            <vertex>
                <position y="0.473367" x="-7.785700" z="8.757383"/>
                <normal y="1.000000" x="0.000000" z="0.000000"/>
                <texcoord u="0.086687" v="0.444932"/>
            </vertex>
            <vertex>
                <position y="0.473367" x="7.785689" z="8.757392"/>
                <normal y="1.000000" x="0.000000" z="0.000000"/>
                <texcoord u="0.515712" v="0.444932"/>
            </vertex>
            <vertex>
                <position y="-0.473366" x="7.785696" z="-8.757387"/>
                <normal y="-0.000000" x="1.000000" z="0.000000"/>
                <texcoord u="0.428691" v="0.588977"/>
            </vertex>
            <vertex>
                <position y="0.473367" x="7.785703" z="-8.757383"/>
                <normal y="-0.000000" x="1.000000" z="0.000000"/>
                <texcoord u="0.479642" v="0.524322"/>
            </vertex>
            <vertex>
                <position y="0.473367" x="7.785689" z="8.757392"/>
                <normal y="-0.000000" x="1.000000" z="0.000000"/>
                <texcoord u="0.052499" v="0.553300"/>
            </vertex>
            <vertex>
                <position y="-0.473366" x="7.785696" z="8.757387"/>
                <normal y="-0.000000" x="1.000000" z="0.000000"/>
                <texcoord u="0.106902" v="0.599178"/>
            </vertex>
            <vertex>
                <position y="-0.473366" x="7.785696" z="8.757387"/>
                <normal y="-0.000001" x="-0.000000" z="1.000000"/>
                <texcoord u="0.106902" v="0.599178"/>
            </vertex>
            <vertex>
                <position y="0.473367" x="7.785689" z="8.757392"/>
                <normal y="-0.000001" x="-0.000000" z="1.000000"/>
                <texcoord u="0.052499" v="0.553300"/>
            </vertex>
            <vertex>
                <position y="0.473367" x="-7.785700" z="8.757383"/>
                <normal y="-0.000001" x="-0.000000" z="1.000000"/>
                <texcoord u="0.035453" v="0.945732"/>
            </vertex>
            <vertex>
                <position y="-0.473366" x="-7.785696" z="8.757387"/>
                <normal y="-0.000001" x="-0.000000" z="1.000000"/>
                <texcoord u="0.081813" v="0.899507"/>
            </vertex>
            <vertex>
                <position y="-0.473366" x="-7.785696" z="8.757387"/>
                <normal y="-0.000004" x="-1.000000" z="-0.000000"/>
                <texcoord u="0.081813" v="0.899507"/>
            </vertex>
            <vertex>
                <position y="0.473367" x="-7.785700" z="8.757383"/>
                <normal y="-0.000004" x="-1.000000" z="-0.000000"/>
                <texcoord u="0.035453" v="0.945732"/>
            </vertex>
            <vertex>
                <position y="0.473367" x="-7.785696" z="-8.757387"/>
                <normal y="-0.000004" x="-1.000000" z="-0.000000"/>
                <texcoord u="0.456649" v="0.945733"/>
            </vertex>
            <vertex>
                <position y="-0.473366" x="-7.785693" z="-8.757392"/>
                <normal y="-0.000004" x="-1.000000" z="-0.000000"/>
                <texcoord u="0.399926" v="0.884283"/>
            </vertex>
            <vertex>
                <position y="0.473367" x="7.785703" z="-8.757383"/>
                <normal y="0.000005" x="0.000000" z="-1.000000"/>
                <texcoord u="0.479642" v="0.524322"/>
            </vertex>
            <vertex>
                <position y="-0.473366" x="7.785696" z="-8.757387"/>
                <normal y="0.000005" x="0.000000" z="-1.000000"/>
                <texcoord u="0.428691" v="0.588977"/>
            </vertex>
            <vertex>
                <position y="-0.473366" x="-7.785693" z="-8.757392"/>
                <normal y="0.000005" x="0.000000" z="-1.000000"/>
                <texcoord u="0.399926" v="0.884283"/>
            </vertex>
            <vertex>
                <position y="0.473367" x="-7.785696" z="-8.757387"/>
                <normal y="0.000005" x="0.000000" z="-1.000000"/>
                <texcoord u="0.456649" v="0.945733"/>
            </vertex>
        </vertexbuffer>
    </sharedgeometry>
    <submeshes>
        <submesh usesharedvertices="true" material="wall" use32bitindexes="False">
            <faces count="12">
                <face v1="0" v2="1" v3="2"/>
                <face v1="0" v2="2" v3="3"/>
                <face v1="4" v2="5" v3="6"/>
                <face v1="4" v2="6" v3="7"/>
                <face v1="8" v2="9" v3="10"/>
                <face v1="8" v2="10" v3="11"/>
                <face v1="12" v2="13" v3="14"/>
                <face v1="12" v2="14" v3="15"/>
                <face v1="16" v2="17" v3="18"/>
                <face v1="16" v2="18" v3="19"/>
                <face v1="20" v2="21" v3="22"/>
                <face v1="20" v2="22" v3="23"/>
            </faces>
        </submesh>
    </submeshes>
</mesh>